{ "playlists" : [
        {
            "playlist_name" : "Certified Country",
            "playlist_genre" : "country",
            "playlist_description" : "A Down Home Good Time, Musical Roots in your eardrums",
            "playlist_priority" : "50",
            "playlist_date" : "2013-02-15",
            "enabled" : "1"
        },
        {
            "playlist_name" : "Rappin For JS",
            "playlist_genre" : "rap",
            "playlist_description" : "Workout To some Thuggish Ruggish",
            "playlist_priority" : "73",
            "playlist_date" : "2013-03-20",
            "enabled" : "0"
        },
        {
            "playlist_name" : "Electronica To the Max",
            "playlist_genre" : "dubstep",
            "playlist_description" : "Electronic Hyper Smash",
            "playlist_priority" : "15",
            "playlist_date" : "2013-05-20",
            "enabled" : "1"
        },
        {
            "playlist_name" : "Making Boy Bands Famous",
            "playlist_genre" : "pop",
            "playlist_description" : "Boy Bands, Britney and Christina.. boom",
            "playlist_priority" : "25",
            "playlist_date" : "2013-02-20",
            "enabled" : "0"
        },
        {
            "playlist_name" : "Boot Scootin' Hotness",
            "playlist_genre" : "country",
            "playlist_description" : "Another Country Playist",
            "playlist_priority" : "25",
            "playlist_date" : "2013-02-20",
            "enabled" : "1"
        },
        {
            "playlist_name" : "Skrillex Noise",
            "playlist_genre" : "dubstep",
            "playlist_description" : "Dubstepping through the ages",
            "playlist_priority" : "25",
            "playlist_date" : "2013-02-20",
            "enabled" : "0"
        },
        {
            "playlist_name" : "Gettin the Business",
            "playlist_genre" : "rap",
            "playlist_description" : "I can beatbox and so can you",
            "playlist_priority" : "55",
            "playlist_date" : "2013-02-20",
            "enabled" : "0"
        },
        {
            "playlist_name" : "Lonely nights with my dog",
            "playlist_genre" : "country",
            "playlist_description" : "Dogs ran over and drunken nights",
            "playlist_priority" : "40",
            "playlist_date" : "2013-02-20",
            "enabled" : "0"
        },
        {
            "playlist_name" : "Down with a bottle",
            "playlist_genre" : "country",
            "playlist_description" : "Pretty Sure my wife left me",
            "playlist_priority" : "33",
            "playlist_date" : "2013-02-20",
            "enabled" : "1"
        },
        {
            "playlist_name" : "Homies and Thugs Poppin' Caps",
            "playlist_genre" : "rap",
            "playlist_description" : "My pants are saggin to the ground baby",
            "playlist_priority" : "12",
            "playlist_date" : "2013-02-20",
            "enabled" : "1"
        },
        {
            "playlist_name" : "The Sensitive Side of Music",
            "playlist_genre" : "pop",
            "playlist_description" : "We are all dancers and guys who wear earrings",
            "playlist_priority" : "78",
            "playlist_date" : "2013-02-20",
            "enabled" : "0"
        },
        {
            "playlist_name" : "Everybody... Backstreet's Back",
            "playlist_genre" : "pop",
            "playlist_description" : "Backstreet Boys got famous and here is how",
            "playlist_priority" : "25",
            "playlist_date" : "2013-02-20",
            "enabled" : "0"
        },
        {
            "playlist_name" : "Driving folks Crazy 4 eva",
            "playlist_genre" : "pop",
            "playlist_description" : "I love Britney Spears",
            "playlist_priority" : "99",
            "playlist_date" : "2013-02-20",
            "enabled" : "1"
        },
        {
            "playlist_name" : "Aguilera and Spears at it again",
            "playlist_genre" : "pop",
            "playlist_description" : "Boy Bands, Britney and Christina.. boom",
            "playlist_priority" : "95",
            "playlist_date" : "2013-02-20",
            "enabled" : "1"
        },
        {
            "playlist_name" : "Doin work at the Gym",
            "playlist_genre" : "dubstep",
            "playlist_description" : "I think Im in the matrix",
            "playlist_priority" : "25",
            "playlist_date" : "2013-02-20",
            "enabled" : "1"
        },
        {
            "playlist_name" : "Yo Yo YO",
            "playlist_genre" : "rap",
            "playlist_description" : "Eminem is great",
            "playlist_priority" : "80",
            "playlist_date" : "2013-02-20",
            "enabled" : "0"
        },
        {
            "playlist_name" : "Ridin in my truck across the open road",
            "playlist_genre" : "country",
            "playlist_description" : "My pickup truck is awesome!!",
            "playlist_priority" : "20",
            "playlist_date" : "2013-02-20",
            "enabled" : "0"
        },
        {
            "playlist_name" : "Body Bangin to Electronica",
            "playlist_genre" : "dubstep",
            "playlist_description" : "Another Dubstep production",
            "playlist_priority" : "12",
            "playlist_date" : "2013-02-20",
            "enabled" : "0"
        },
        {
            "playlist_name" : "Giddy up and Ride Cowboy",
            "playlist_genre" : "country",
            "playlist_description" : "Yeeehaw",
            "playlist_priority" : "65",
            "playlist_date" : "2013-02-20",
            "enabled" : "0"
        },
        {
            "playlist_name" : "Dirty Pop",
            "playlist_genre" : "pop",
            "playlist_description" : "I ran out of things to say",
            "playlist_priority" : "80",
            "playlist_date" : "2013-02-20",
            "enabled" : "0"
        }

    ]
}